exp,tissue,rep,file,s3,url,biosamples,strain,sexes,age,submitted,spikeins,depleted,genome_annotation,assembly,output_type,read_length,batch,lab,normalisation,system
ENCSR000BYX,adrenal gland,1,ENCFF341NKU,https://encode-public.s3.amazonaws.com/2021/04/15/9ebbd96d-28d1-4b2d-aaf4-c7fabb461686/ENCFF341NKU.bigWig,https://www.encodeproject.org/files/ENCFF341NKU/@@download/ENCFF341NKU.bigWig,ENCBS244ENC;ENCBS245ENC,C57BL/6,unknown,2 months,2012-06-29,True,rRNA,M21,mm10,plus strand signal of unique reads,76,CSHL batch 1,"Thomas Gingeras, CSHL",ENCODE pipeline RPM (STAR --outWigNorm RPM); untouched,endocrine
ENCSR000BYX,adrenal gland,2,ENCFF850RDI,https://encode-public.s3.amazonaws.com/2021/04/15/484e4dee-3abf-4f2f-9cfa-6a1bd5a7336d/ENCFF850RDI.bigWig,https://www.encodeproject.org/files/ENCFF850RDI/@@download/ENCFF850RDI.bigWig,ENCBS244ENC;ENCBS245ENC,C57BL/6,unknown,2 months,2012-06-29,True,rRNA,M21,mm10,plus strand signal of unique reads,76,CSHL batch 1,"Thomas Gingeras, CSHL",ENCODE pipeline RPM (STAR --outWigNorm RPM); untouched,endocrine
ENCSR000BYP,colon,1,ENCFF085QPW,https://encode-public.s3.amazonaws.com/2021/04/15/05fcc0a0-bbdc-4bb1-8ead-0645f1318a2f/ENCFF085QPW.bigWig,https://www.encodeproject.org/files/ENCFF085QPW/@@download/ENCFF085QPW.bigWig,ENCBS256ENC;ENCBS257ENC,C57BL/6,mixed,2 months,2012-02-29,True,rRNA,M21,mm10,plus strand signal of unique reads,76,CSHL batch 1,"Thomas Gingeras, CSHL",ENCODE pipeline RPM (STAR --outWigNorm RPM); untouched,digestive
ENCSR000BYP,colon,2,ENCFF703ERP,https://encode-public.s3.amazonaws.com/2021/04/15/1881f963-bdad-4420-af1f-e5640d923624/ENCFF703ERP.bigWig,https://www.encodeproject.org/files/ENCFF703ERP/@@download/ENCFF703ERP.bigWig,ENCBS256ENC;ENCBS257ENC,C57BL/6,mixed,2 months,2012-02-29,True,rRNA,M21,mm10,plus strand signal of unique reads,76,CSHL batch 1,"Thomas Gingeras, CSHL",ENCODE pipeline RPM (STAR --outWigNorm RPM); untouched,digestive
ENCSR000BYY,duodenum,1,ENCFF721GSY,https://encode-public.s3.amazonaws.com/2021/04/15/d5d3a307-34f5-4820-8106-8cd53f773173/ENCFF721GSY.bigWig,https://www.encodeproject.org/files/ENCFF721GSY/@@download/ENCFF721GSY.bigWig,ENCBS260ENC;ENCBS261ENC,C57BL/6,mixed,2 months,2012-02-29,True,rRNA,M21,mm10,plus strand signal of unique reads,76,CSHL batch 1,"Thomas Gingeras, CSHL",ENCODE pipeline RPM (STAR --outWigNorm RPM); untouched,digestive
ENCSR000BYY,duodenum,2,ENCFF870YZN,https://encode-public.s3.amazonaws.com/2021/04/15/5d0dcd5f-fae2-43b6-8097-2f5b4f157a1b/ENCFF870YZN.bigWig,https://www.encodeproject.org/files/ENCFF870YZN/@@download/ENCFF870YZN.bigWig,ENCBS260ENC;ENCBS261ENC,C57BL/6,mixed,2 months,2012-02-29,True,rRNA,M21,mm10,plus strand signal of unique reads,76,CSHL batch 1,"Thomas Gingeras, CSHL",ENCODE pipeline RPM (STAR --outWigNorm RPM); untouched,digestive
ENCSR000BYZ,gonadal fat pad,1,ENCFF871LPW,https://encode-public.s3.amazonaws.com/2021/04/15/b73cb03d-fe49-4f32-b0d4-00b8ab2098e3/ENCFF871LPW.bigWig,https://www.encodeproject.org/files/ENCFF871LPW/@@download/ENCFF871LPW.bigWig,ENCBS264ENC;ENCBS265ENC,C57BL/6,mixed,2 months,2012-06-29,True,rRNA,M21,mm10,plus strand signal of unique reads,76,CSHL batch 1,"Thomas Gingeras, CSHL",ENCODE pipeline RPM (STAR --outWigNorm RPM); untouched,adipose
ENCSR000BYZ,gonadal fat pad,2,ENCFF734JPE,https://encode-public.s3.amazonaws.com/2021/04/15/fca2662a-6c9c-4068-8969-2e35947f92b3/ENCFF734JPE.bigWig,https://www.encodeproject.org/files/ENCFF734JPE/@@download/ENCFF734JPE.bigWig,ENCBS264ENC;ENCBS265ENC,C57BL/6,mixed,2 months,2012-06-29,True,rRNA,M21,mm10,plus strand signal of unique reads,76,CSHL batch 1,"Thomas Gingeras, CSHL",ENCODE pipeline RPM (STAR --outWigNorm RPM); untouched,adipose
ENCSR000BYQ,heart,1,ENCFF558JWN,https://encode-public.s3.amazonaws.com/2021/04/15/9304dd82-b322-42f4-83b2-9e46b59a9e83/ENCFF558JWN.bigWig,https://www.encodeproject.org/files/ENCFF558JWN/@@download/ENCFF558JWN.bigWig,ENCBS267ENC;ENCBS268ENC,C57BL/6,mixed,2 months,2012-02-29,True,rRNA,M21,mm10,plus strand signal of unique reads,76,CSHL batch 1,"Thomas Gingeras, CSHL",ENCODE pipeline RPM (STAR --outWigNorm RPM); untouched,cardiovascular
ENCSR000BYQ,heart,2,ENCFF671TNT,https://encode-public.s3.amazonaws.com/2021/04/15/010879a5-7dcd-4d32-bbca-cb4bacc8b16b/ENCFF671TNT.bigWig,https://www.encodeproject.org/files/ENCFF671TNT/@@download/ENCFF671TNT.bigWig,ENCBS267ENC;ENCBS268ENC,C57BL/6,mixed,2 months,2012-02-29,True,rRNA,M21,mm10,plus strand signal of unique reads,76,CSHL batch 1,"Thomas Gingeras, CSHL",ENCODE pipeline RPM (STAR --outWigNorm RPM); untouched,cardiovascular
ENCSR000BYR,kidney,1,ENCFF878WGQ,https://encode-public.s3.amazonaws.com/2021/04/15/eb2419a7-984d-42e9-ac12-f26cfd620cfd/ENCFF878WGQ.bigWig,https://www.encodeproject.org/files/ENCFF878WGQ/@@download/ENCFF878WGQ.bigWig,ENCBS269ENC;ENCBS270ENC,C57BL/6,mixed,2 months,2012-02-29,True,rRNA,M21,mm10,plus strand signal of unique reads,76,CSHL batch 1,"Thomas Gingeras, CSHL",ENCODE pipeline RPM (STAR --outWigNorm RPM); untouched,renal
ENCSR000BYR,kidney,2,ENCFF127NND,https://encode-public.s3.amazonaws.com/2021/04/15/4cf78d20-6e71-4bbd-be73-97ce97b430d0/ENCFF127NND.bigWig,https://www.encodeproject.org/files/ENCFF127NND/@@download/ENCFF127NND.bigWig,ENCBS269ENC;ENCBS270ENC,C57BL/6,mixed,2 months,2012-02-29,True,rRNA,M21,mm10,plus strand signal of unique reads,76,CSHL batch 1,"Thomas Gingeras, CSHL",ENCODE pipeline RPM (STAR --outWigNorm RPM); untouched,renal
ENCSR000BZA,large intestine,1,ENCFF708IGB,https://encode-public.s3.amazonaws.com/2021/04/15/847d0fdf-c23e-4594-8a14-31a798ce79a8/ENCFF708IGB.bigWig,https://www.encodeproject.org/files/ENCFF708IGB/@@download/ENCFF708IGB.bigWig,ENCBS273ENC;ENCBS274ENC,C57BL/6,mixed,2 months,2012-02-29,True,rRNA,M21,mm10,plus strand signal of unique reads,76,CSHL batch 1,"Thomas Gingeras, CSHL",ENCODE pipeline RPM (STAR --outWigNorm RPM); untouched,digestive
ENCSR000BZA,large intestine,2,ENCFF923EEV,https://encode-public.s3.amazonaws.com/2021/04/15/4c3bfd84-a491-4841-9932-fe85a83e3fa9/ENCFF923EEV.bigWig,https://www.encodeproject.org/files/ENCFF923EEV/@@download/ENCFF923EEV.bigWig,ENCBS273ENC;ENCBS274ENC,C57BL/6,mixed,2 months,2012-02-29,True,rRNA,M21,mm10,plus strand signal of unique reads,76,CSHL batch 1,"Thomas Gingeras, CSHL",ENCODE pipeline RPM (STAR --outWigNorm RPM); untouched,digestive
ENCSR000BYS,liver,1,ENCFF995EIJ,https://encode-public.s3.amazonaws.com/2021/04/15/a6eeb3c5-8ee3-4413-99a3-d13e3510c478/ENCFF995EIJ.bigWig,https://www.encodeproject.org/files/ENCFF995EIJ/@@download/ENCFF995EIJ.bigWig,ENCBS278ENC;ENCBS279ENC,C57BL/6,mixed,2 months,2012-06-29,True,rRNA,M21,mm10,plus strand signal of unique reads,76,CSHL batch 1,"Thomas Gingeras, CSHL",ENCODE pipeline RPM (STAR --outWigNorm RPM); untouched,digestive
ENCSR000BYS,liver,2,ENCFF322KOW,https://encode-public.s3.amazonaws.com/2021/04/15/bd017db8-6dd5-429a-bad8-3ef23fe360be/ENCFF322KOW.bigWig,https://www.encodeproject.org/files/ENCFF322KOW/@@download/ENCFF322KOW.bigWig,ENCBS278ENC;ENCBS279ENC,C57BL/6,mixed,2 months,2012-06-29,True,rRNA,M21,mm10,plus strand signal of unique reads,76,CSHL batch 1,"Thomas Gingeras, CSHL",ENCODE pipeline RPM (STAR --outWigNorm RPM); untouched,digestive
ENCSR000BYT,lung,1,ENCFF070OKD,https://encode-public.s3.amazonaws.com/2021/04/15/7bc6c7bc-87c6-47f1-b99e-59337c676338/ENCFF070OKD.bigWig,https://www.encodeproject.org/files/ENCFF070OKD/@@download/ENCFF070OKD.bigWig,ENCBS291ENC;ENCBS292ENC,C57BL/6,mixed,2 months,2012-02-29,True,rRNA,M21,mm10,plus strand signal of unique reads,76,CSHL batch 1,"Thomas Gingeras, CSHL",ENCODE pipeline RPM (STAR --outWigNorm RPM); untouched,respiratory
ENCSR000BYT,lung,2,ENCFF594SPI,https://encode-public.s3.amazonaws.com/2021/04/15/42e79289-8644-44c9-9519-22ada5f06b8f/ENCFF594SPI.bigWig,https://www.encodeproject.org/files/ENCFF594SPI/@@download/ENCFF594SPI.bigWig,ENCBS291ENC;ENCBS292ENC,C57BL/6,mixed,2 months,2012-02-29,True,rRNA,M21,mm10,plus strand signal of unique reads,76,CSHL batch 1,"Thomas Gingeras, CSHL",ENCODE pipeline RPM (STAR --outWigNorm RPM); untouched,respiratory
ENCSR000BZB,mammary gland,1,ENCFF791XDM,https://encode-public.s3.amazonaws.com/2021/04/15/abf9445f-79c9-495e-8433-6c9d3af6c312/ENCFF791XDM.bigWig,https://www.encodeproject.org/files/ENCFF791XDM/@@download/ENCFF791XDM.bigWig,ENCBS293ENC;ENCBS294ENC,C57BL/6,mixed,2 months,2012-02-29,True,rRNA,M21,mm10,plus strand signal of unique reads,76,CSHL batch 1,"Thomas Gingeras, CSHL",ENCODE pipeline RPM (STAR --outWigNorm RPM); untouched,reproductive
ENCSR000BZB,mammary gland,2,ENCFF171DFQ,https://encode-public.s3.amazonaws.com/2021/04/15/9d85f509-e27c-4efe-9e1f-083a1591587d/ENCFF171DFQ.bigWig,https://www.encodeproject.org/files/ENCFF171DFQ/@@download/ENCFF171DFQ.bigWig,ENCBS293ENC;ENCBS294ENC,C57BL/6,mixed,2 months,2012-02-29,True,rRNA,M21,mm10,plus strand signal of unique reads,76,CSHL batch 1,"Thomas Gingeras, CSHL",ENCODE pipeline RPM (STAR --outWigNorm RPM); untouched,reproductive
ENCSR000BZC,ovary,1,ENCFF946YVP,https://encode-public.s3.amazonaws.com/2021/04/15/28441f18-5d64-4e1e-9ed4-551a78a77f65/ENCFF946YVP.bigWig,https://www.encodeproject.org/files/ENCFF946YVP/@@download/ENCFF946YVP.bigWig,ENCBS295ENC;ENCBS296ENC,C57BL/6,female,2 months,2012-02-29,True,rRNA,M21,mm10,plus strand signal of unique reads,76,CSHL batch 1,"Thomas Gingeras, CSHL",ENCODE pipeline RPM (STAR --outWigNorm RPM); untouched,reproductive
ENCSR000BZC,ovary,2,ENCFF679TGN,https://encode-public.s3.amazonaws.com/2021/04/15/83fa01d7-5558-4361-b048-afb0b0cf706c/ENCFF679TGN.bigWig,https://www.encodeproject.org/files/ENCFF679TGN/@@download/ENCFF679TGN.bigWig,ENCBS295ENC;ENCBS296ENC,C57BL/6,female,2 months,2012-02-29,True,rRNA,M21,mm10,plus strand signal of unique reads,76,CSHL batch 1,"Thomas Gingeras, CSHL",ENCODE pipeline RPM (STAR --outWigNorm RPM); untouched,reproductive
ENCSR000BZD,small intestine,1,ENCFF119WXY,https://encode-public.s3.amazonaws.com/2021/04/15/073b15fc-1ca5-406c-8865-2405a4658613/ENCFF119WXY.bigWig,https://www.encodeproject.org/files/ENCFF119WXY/@@download/ENCFF119WXY.bigWig,ENCBS297ENC;ENCBS298ENC,C57BL/6,mixed,2 months,2012-02-29,True,rRNA,M21,mm10,plus strand signal of unique reads,76,CSHL batch 1,"Thomas Gingeras, CSHL",ENCODE pipeline RPM (STAR --outWigNorm RPM); untouched,digestive
ENCSR000BZD,small intestine,2,ENCFF476LIT,https://encode-public.s3.amazonaws.com/2021/04/15/2ba2951d-367a-4b4c-958e-154b57e1fe44/ENCFF476LIT.bigWig,https://www.encodeproject.org/files/ENCFF476LIT/@@download/ENCFF476LIT.bigWig,ENCBS297ENC;ENCBS298ENC,C57BL/6,mixed,2 months,2012-02-29,True,rRNA,M21,mm10,plus strand signal of unique reads,76,CSHL batch 1,"Thomas Gingeras, CSHL",ENCODE pipeline RPM (STAR --outWigNorm RPM); untouched,digestive
ENCSR000BYU,spleen,1,ENCFF828PDL,https://encode-public.s3.amazonaws.com/2021/04/15/664c0337-ac8c-4b80-a96c-424e63a97f09/ENCFF828PDL.bigWig,https://www.encodeproject.org/files/ENCFF828PDL/@@download/ENCFF828PDL.bigWig,ENCBS299ENC;ENCBS300ENC,C57BL/6,unknown,2 months,2012-02-29,True,rRNA,M21,mm10,plus strand signal of unique reads,76,CSHL batch 1,"Thomas Gingeras, CSHL",ENCODE pipeline RPM (STAR --outWigNorm RPM); untouched,immune
ENCSR000BYU,spleen,2,ENCFF401NFX,https://encode-public.s3.amazonaws.com/2021/04/15/17285c3c-b25a-4aad-b90d-956758055ef4/ENCFF401NFX.bigWig,https://www.encodeproject.org/files/ENCFF401NFX/@@download/ENCFF401NFX.bigWig,ENCBS299ENC;ENCBS300ENC,C57BL/6,unknown,2 months,2012-02-29,True,rRNA,M21,mm10,plus strand signal of unique reads,76,CSHL batch 1,"Thomas Gingeras, CSHL",ENCODE pipeline RPM (STAR --outWigNorm RPM); untouched,immune
ENCSR000BZE,stomach,1,ENCFF764FGD,https://encode-public.s3.amazonaws.com/2021/04/15/8b7e5008-9e17-420f-a8b6-45202d99a009/ENCFF764FGD.bigWig,https://www.encodeproject.org/files/ENCFF764FGD/@@download/ENCFF764FGD.bigWig,ENCBS302ENC;ENCBS303ENC,C57BL/6,mixed,2 months,2012-02-29,True,rRNA,M21,mm10,plus strand signal of unique reads,76,CSHL batch 1,"Thomas Gingeras, CSHL",ENCODE pipeline RPM (STAR --outWigNorm RPM); untouched,digestive
ENCSR000BZE,stomach,2,ENCFF148NLE,https://encode-public.s3.amazonaws.com/2021/04/15/128b57da-3877-4fa1-9092-ba067d30d826/ENCFF148NLE.bigWig,https://www.encodeproject.org/files/ENCFF148NLE/@@download/ENCFF148NLE.bigWig,ENCBS302ENC;ENCBS303ENC,C57BL/6,mixed,2 months,2012-02-29,True,rRNA,M21,mm10,plus strand signal of unique reads,76,CSHL batch 1,"Thomas Gingeras, CSHL",ENCODE pipeline RPM (STAR --outWigNorm RPM); untouched,digestive
ENCSR000BZF,subcutaneous adipose tissue,1,ENCFF811XDE,https://encode-public.s3.amazonaws.com/2021/04/15/c526dab6-918d-4871-92b0-937f5206b80b/ENCFF811XDE.bigWig,https://www.encodeproject.org/files/ENCFF811XDE/@@download/ENCFF811XDE.bigWig,ENCBS304ENC;ENCBS305ENC,C57BL/6,mixed,2 months,2012-06-29,True,rRNA,M21,mm10,plus strand signal of unique reads,76,CSHL batch 1,"Thomas Gingeras, CSHL",ENCODE pipeline RPM (STAR --outWigNorm RPM); untouched,adipose
ENCSR000BZF,subcutaneous adipose tissue,2,ENCFF842RAN,https://encode-public.s3.amazonaws.com/2021/04/15/785279d3-9aee-4d5c-84d2-2101d29554ac/ENCFF842RAN.bigWig,https://www.encodeproject.org/files/ENCFF842RAN/@@download/ENCFF842RAN.bigWig,ENCBS304ENC;ENCBS305ENC,C57BL/6,mixed,2 months,2012-06-29,True,rRNA,M21,mm10,plus strand signal of unique reads,76,CSHL batch 1,"Thomas Gingeras, CSHL",ENCODE pipeline RPM (STAR --outWigNorm RPM); untouched,adipose
ENCSR000BYW,testis,1,ENCFF216HBX,https://encode-public.s3.amazonaws.com/2021/04/15/f0d3d585-5efc-48ff-8d4a-968f30448a0f/ENCFF216HBX.bigWig,https://www.encodeproject.org/files/ENCFF216HBX/@@download/ENCFF216HBX.bigWig,ENCBS306ENC;ENCBS307ENC,C57BL/6,male,2 months,2012-02-29,True,rRNA,M21,mm10,plus strand signal of unique reads,76,CSHL batch 1,"Thomas Gingeras, CSHL",ENCODE pipeline RPM (STAR --outWigNorm RPM); untouched,reproductive
ENCSR000BYW,testis,2,ENCFF804EKC,https://encode-public.s3.amazonaws.com/2021/04/15/cb126493-3476-4358-86e0-a36947a1e508/ENCFF804EKC.bigWig,https://www.encodeproject.org/files/ENCFF804EKC/@@download/ENCFF804EKC.bigWig,ENCBS306ENC;ENCBS307ENC,C57BL/6,male,2 months,2012-02-29,True,rRNA,M21,mm10,plus strand signal of unique reads,76,CSHL batch 1,"Thomas Gingeras, CSHL",ENCODE pipeline RPM (STAR --outWigNorm RPM); untouched,reproductive
ENCSR000BYV,thymus,1,ENCFF978UIY,https://encode-public.s3.amazonaws.com/2021/04/15/a1cd3b98-6c6e-4491-bfa8-a93a9e51e003/ENCFF978UIY.bigWig,https://www.encodeproject.org/files/ENCFF978UIY/@@download/ENCFF978UIY.bigWig,ENCBS308ENC;ENCBS309ENC,C57BL/6,mixed,2 months,2012-02-29,True,rRNA,M21,mm10,plus strand signal of unique reads,76,CSHL batch 1,"Thomas Gingeras, CSHL",ENCODE pipeline RPM (STAR --outWigNorm RPM); untouched,immune
ENCSR000BYV,thymus,2,ENCFF900YZM,https://encode-public.s3.amazonaws.com/2021/04/15/60c59b40-0ee2-478c-a298-c31891e4800f/ENCFF900YZM.bigWig,https://www.encodeproject.org/files/ENCFF900YZM/@@download/ENCFF900YZM.bigWig,ENCBS308ENC;ENCBS309ENC,C57BL/6,mixed,2 months,2012-02-29,True,rRNA,M21,mm10,plus strand signal of unique reads,76,CSHL batch 1,"Thomas Gingeras, CSHL",ENCODE pipeline RPM (STAR --outWigNorm RPM); untouched,immune
